year,Water temperature,Total Hardness
2009,14.91666667,null
2010,12,null
2011,14.45833333,null
2012,12.875,null
2013,12.95833333,null
2014,12.28333333,132.9833333
2015,14.27272727,118.3166667
2016,15.25,103.0083333
