year,Carbonates,Bicarbonates
2009,,112.3416667
2010,,
2011,,
2012,,
2013,,
2014,,133.1833333
2015,140.3,120.78
2016,,110.1166667
