year,Nickel,Copper,Iron,Magnesium,Cadmium,Manganese,Zinc,Chromium,Arsenic,Mercury
2009,1.6375,6.5875,0.1975,5.85,0.3,0.19875,13.33333333,0.85,0.825,0.5
2010,2.27,8.891666667,,6.191666667,0.2625,,16.54545455,0.69,1.008333333,1
2011,2.946666667,3.283333333,,7.123076923,0.166666667,,8.541666667,0.073333333,1.205555556,0.357142857
2012,0.141666667,2.966666667,,6.35,0.25,,7.25,0.283333333,0.358333333,0
2013,0.291666667,2.9,,7.216666667,0,,5.833333333,0,0.35,0.005909091
2014,,,,6.816666667,,0.025,,,,0.008916667
2015,0,,,5.008333333,0,0.005166667,7.5,,,0.005583333
2016,0,,,5.658333333,0,,,,,0
