year,Chemical Oxygen Demand (Cr),Chemical Oxygen Demand (Mn)
2009,7.025,1.95
2010,7.183333333,3.633333333
2011,5.833333333,2.520833333
2012,4.958333333,3.259090909
2013,2.166666667,2.841666667
2014,8.75,2.514285714
2015,11.58333333,2.55
2016,10.41666667,2.573333333
