year,Total phosphorus,Potassium,Sodium,Total nitrogen,Inorganic nitrogen,Organic nitrogen
2009,0.173333333,,,,7.575,0.442166667
2010,0.323703704,,,,,0.66
2011,0.143,,,,,0
2012,0.124208333,,,,,0.252916667
2013,0.0625,,,,,
2014,0.049,3.433333333,,,12.78333333,
2015,0.052454545,3.05,,,10.3,
2016,0.072166667,2.466666667,,,8.016666667,
