year,Biochemical Oxygen
2009,2.25
2010,2.158333333
2011,3.37826087
2012,2.218181818
2013,2.05
2014,2.133333333
2015,1.908333333
2016,1.483333333
