year,Dissolved oxygen
2009,9.666666667
2010,10.225
2011,9.965833333
2012,10.21291667
2013,10.025
2014,10.28333333
2015,9.675
2016,9.866666667
