year,gamma-Hexachlorocyclohexane,Petroleum hydrocarbons
2009,,0.024923077
2010,,
2011,,
2012,0,
2013,0,
2014,0,
2015,0,0.013333333
2016,0,0
